ID	Description	setSize	enrichmentScore	NES	pvalue	p.adjust	qvalue	rank	leading_edge	core_enrichment
GO:0010315	auxin export across the plasma membrane	14	0.634607361517855	1.91191329577881	0.00281769512538743	0.0344885883347422	0.0291853895092761	9183	tags=79%, list=28%, signal=56%	BnaA06g00900D/BnaC06g06370D/BnaA05g14410D/BnaA01g29180D/BnaCnng51580D/BnaCnng35880D/BnaC01g36590D/BnaC04g00490D/BnaC03g13120D/BnaCnng42600D/BnaA02g26940D
GO:0010928	regulation of auxin mediated signaling pathway	14	0.634607361517855	1.91191329577881	0.00281769512538743	0.0344885883347422	0.0291853895092761	9183	tags=79%, list=28%, signal=56%	BnaA06g00900D/BnaC06g06370D/BnaA05g14410D/BnaA01g29180D/BnaCnng51580D/BnaCnng35880D/BnaC01g36590D/BnaC04g00490D/BnaC03g13120D/BnaCnng42600D/BnaA02g26940D
GO:0009736	cytokinin-activated signaling pathway	62	-0.305696942182189	-1.85059774828879	0.00164880461665293	0.0344885883347422	0.0291853895092761	4450	tags=31%, list=14%, signal=26%	BnaA09g14370D/BnaC01g22100D/BnaA06g22370D/BnaA09g36380D/BnaA06g29620D/BnaC09g05250D/BnaC06g40570D/BnaC07g49320D/BnaCnng35610D/BnaA09g40030D/BnaAnng00500D/BnaA06g29610D/BnaC02g38960D/BnaC02g03470D/BnaC07g49310D/BnaA02g30670D/BnaC08g32380D/BnaC01g06500D/BnaC01g42890D
GO:0071368	cellular response to cytokinin stimulus	62	-0.305696942182189	-1.85059774828879	0.00164880461665293	0.0344885883347422	0.0291853895092761	4450	tags=31%, list=14%, signal=26%	BnaA09g14370D/BnaC01g22100D/BnaA06g22370D/BnaA09g36380D/BnaA06g29620D/BnaC09g05250D/BnaC06g40570D/BnaC07g49320D/BnaCnng35610D/BnaA09g40030D/BnaAnng00500D/BnaA06g29610D/BnaC02g38960D/BnaC02g03470D/BnaC07g49310D/BnaA02g30670D/BnaC08g32380D/BnaC01g06500D/BnaC01g42890D
GO:0009735	response to cytokinin	63	-0.297917632472748	-1.80837905887087	0.00338123415046492	0.0344885883347422	0.0291853895092761	4450	tags=30%, list=14%, signal=26%	BnaA09g14370D/BnaC01g22100D/BnaA06g22370D/BnaA09g36380D/BnaA06g29620D/BnaC09g05250D/BnaC06g40570D/BnaC07g49320D/BnaCnng35610D/BnaA09g40030D/BnaAnng00500D/BnaA06g29610D/BnaC02g38960D/BnaC02g03470D/BnaC07g49310D/BnaA02g30670D/BnaC08g32380D/BnaC01g06500D/BnaC01g42890D
