ID	Description	setSize	enrichmentScore	NES	pvalue	p.adjust	qvalue	rank	leading_edge	core_enrichment
GO:0009686	gibberellin biosynthetic process	17	0.774189878472773	2.03292385936389	0.000730593607305936	0.0291681670867843	0.0233117904592233	7262	tags=47%, list=11%, signal=42%	BnaAnng19660D/BnaCnng35700D/BnaC02g23190D/BnaC02g23180D/BnaC09g00230D/BnaA02g19820D/BnaC07g28980D/BnaA02g11210D
GO:0009685	gibberellin metabolic process	25	0.671532027472092	1.92424015977768	0.00108030248469571	0.0291681670867843	0.0233117904592233	10771	tags=48%, list=16%, signal=40%	BnaAnng19660D/BnaCnng35700D/BnaC02g23190D/BnaC02g23180D/BnaC09g00230D/BnaA02g19820D/BnaA07g07480D/BnaC07g28980D/BnaA02g11210D/BnaA09g26500D/BnaC02g01710D/BnaC05g01200D
GO:0010105	negative regulation of ethylene-activated signaling pathway	20	-0.65235879842002	-1.85095523662202	0.00265369305616984	0.0477664750110571	0.0381759351940222	7763	tags=60%, list=12%, signal=53%	BnaA01g24090D/BnaA03g41460D/BnaCnng49980D/BnaCnng17850D/BnaA05g06430D/BnaCnng68360D/BnaC04g07070D/BnaC07g32510D/BnaC03g21230D/BnaA03g17680D/BnaA09g32330D/BnaC08g23100D
