ID,Description,GeneRatio,BgRatio,pvalue,p.adjust,qvalue,geneID,Count,FoldEnrich,RichFactor
bna00052,Galactose metabolism,0.08695652173913043,11/949,0.0012452672390147231,0.07347076710186867,0.07078361148083691,BnaAnng07590D/BnaC05g32490D/BnaC09g26030D/BnaA04g26930D,4,7.50197628458498,0.36363636363636365
bna00900,Terpenoid backbone biosynthesis,0.08695652173913043,14/949,0.0033907268857959467,0.10002644313098043,0.09636802728051638,BnaC05g31920D/BnaA05g33550D/BnaCnng66570D/BnaA02g21620D,4,5.894409937888199,0.2857142857142857
