ID,Description,GeneRatio,BgRatio,pvalue,p.adjust,qvalue,geneID,Count,FoldEnrich,RichFactor
bna00940,Phenylpropanoid biosynthesis,0.08450704225352113,36/1551,1.4260562164752103e-7,1.3404928434866977e-5,1.245922799657289e-5,BnaCnng76370D/BnaA05g20600D/BnaA06g01500D/BnaA03g19280D/BnaC03g77170D/BnaA04g17570D/BnaA09g53760D/BnaA08g11640D/BnaA03g37390D/BnaA05g19630D/BnaCnng11080D/BnaC08g20820D/BnaA06g16150D/BnaC04g47480D/BnaC02g46610D/BnaA03g11990D/BnaC03g16960D/BnaA03g55260D,18,3.640845070422535,0.5
bna00945,"Stilbenoid, diarylheptanoid and gingerol biosynthesis",0.028169014084507043,9/1551,3.678511726379114e-4,0.017289005113981834,0.016069288067866654,BnaA03g19280D/BnaC03g77170D/BnaA04g17570D/BnaA08g11640D/BnaC04g47480D/BnaC03g16960D,6,4.854460093896713,0.6666666666666666
bna01110,Biosynthesis of secondary metabolites,0.3004694835680751,327/1551,5.654729690262585e-4,0.017718153029489432,0.016468160150589283,BnaAnng19660D/BnaAnng05540D/BnaCnng76370D/BnaC06g14270D/BnaC06g41140D/BnaA05g20600D/BnaA06g01500D/BnaCnng55040D/BnaA01g36920D/BnaA09g12880D/BnaC01g22710D/BnaA03g19280D/BnaCnng45600D/BnaA02g27140D/BnaA04g08570D/BnaC02g33660D/BnaA02g18450D/BnaAnng12450D/BnaC09g31840D/BnaA03g00210D/BnaA01g30320D/BnaA03g52200D/BnaA06g33410D/BnaC03g77170D/BnaA04g17570D/BnaA08g30740D/BnaC08g15080D/BnaA05g12790D/BnaA09g53760D/BnaC04g52580D/BnaA08g11640D/BnaA01g07910D/BnaA03g17110D/BnaA03g37390D/BnaC09g13020D/BnaC03g17470D/BnaA09g28100D/BnaCnng30740D/BnaA05g19630D/BnaC09g52860D/BnaA02g19820D/BnaCnng11080D/BnaC08g48510D/BnaA07g07480D/BnaAnng27260D/BnaC04g30810D/BnaC08g20820D/BnaA06g16150D/BnaC01g21080D/BnaC04g47480D/BnaA03g54610D/BnaA09g27040D/BnaC02g46610D/BnaC06g00560D/BnaCnng38510D/BnaA03g11990D/BnaA06g01590D/BnaC09g14580D/BnaC03g16960D/BnaA02g30820D/BnaA03g55260D/BnaA03g01680D/BnaC05g33030D/BnaC03g34940D,64,1.4251625963733472,0.19571865443425077
bna00941,Flavonoid biosynthesis,0.028169014084507043,11/1551,0.0015884056248923863,0.03732753218497108,0.0346941228594916,BnaA03g19280D/BnaC03g77170D/BnaA04g17570D/BnaA08g11640D/BnaC04g47480D/BnaC03g16960D,6,3.971830985915493,0.5454545454545454
