ID,Description,GeneRatio,BgRatio,pvalue,p.adjust,qvalue,geneID,Count,FoldEnrich,RichFactor
bna04626,Plant-pathogen interaction,0.11395348837209303,82/1031,4.617346582441526e-4,0.04802040445739187,0.047145538789139796,BnaC04g03080D/BnaCnng20380D/BnaCnng21080D/BnaC05g51520D/BnaA06g40890D/BnaA08g24810D/BnaA01g34390D/BnaC02g44140D/BnaC09g00590D/BnaC03g23130D/BnaA09g55030D/BnaA04g05850D/BnaC04g48730D/BnaC03g16740D/BnaAnng15200D/BnaCnng34240D/BnaA03g59670D/BnaAnng17220D/BnaC09g42720D/BnaC05g04600D/BnaC09g09270D/BnaA09g36050D/BnaA09g28330D/BnaA04g17420D/BnaC03g47120D/BnaC03g63910D/BnaA03g46020D/BnaAnng22830D/BnaA03g19320D/BnaA01g25260D/BnaA04g07210D/BnaAnng06490D/BnaA03g48070D/BnaA05g32610D/BnaC02g01720D/BnaA07g31710D/BnaA02g22690D/BnaAnng08400D/BnaCnng63210D/BnaC04g24860D/BnaCnng18520D/BnaC05g47790D/BnaA07g16960D/BnaC04g28440D/BnaC07g10990D/BnaC03g35300D/BnaA04g02760D/BnaA02g03630D/BnaA03g08250D,49,1.4327566647759502,0.5975609756097561
