ENTREZID	external_gene_name	GO	ONTOLOGY	GENENAME	GOTERM	pvalue	Description_NCBI	ALIAS	log2FoldChange	padj	Crep1	Crep2	Crep3	Trep1	Trep2	Trep3	VMrep1	VMrep2	VMrep3	PErep1	PErep2
106346622	BnaCnng21610D	NA	NA	NA	NA	0.000998483948348601	putative pentatricopeptide repeat-containing protein At5g65820	LOC106346622	-2.93466184406228	0.00290380490407722	5.991407981588	6.12390671746018	5.75389730005221	4.41696423037701	4.10659618530175	4.78969046596995	5.76033452507895	7.01499996836879	6.04317251571226	5.20443467835275	5.404654920063
106347142	BnaA09g28720D	GO:0006355	BP	SUPPRESSOR OF GAMMA RESPONSE 1	regulation of DNA-templated transcription	0.00258224307450776	SUPPRESSOR OF GAMMA RESPONSE 1	LOC106347142	-3.60429133283026	4.38303018061849e-13	7.75729591421722	7.43982844136897	7.95737156954177	5.26407530904455	5.17952609363305	5.87088269962448	8.71603532775202	7.96526848484137	8.39727471449573	7.94870411506782	5.66113140620535
106376110	BnaC01g20110D	NA	NA	NA	NA	0.00480404709421417	uncharacterized BNAC01G20110D	BNAC01G20110D	-1.83506149816718	8.08547206091826e-05	7.79193527721076	7.772460680667	7.35673023181625	6.02733881053064	6.37769907184436	6.76064781078419	7.41361910767142	6.94173002962556	7.94416277131869	6.78787538619616	7.24789429636752
106425185	BnaA02g30200D	NA	NA	NA	NA	0.00975806437278586	uncharacterized protein At5g48480	BNAA02G30200D	-3.29309125232271	3.14054364538138e-21	8.93175384803686	8.76186456566709	8.94838151998198	6.02733881053064	6.88632337988824	6.7891643185066	8.65007443262016	7.74477769661084	7.23087048908002	8.95561481634615	7.05568136161927
106443544	BnaCnng71940D	GO:0009627	BP	EG45-like domain containing protein 2	systemic acquired resistance	0.00818265313045088	EG45-like domain containing protein 2	LOC106443544	4.73103815302188	1.30243813734931e-11	4.25047465369032	4.95269654039395	5.1545465567047	7.23956604800938	7.03983959726286	7.63046023584068	5.23443758841191	5.9000331195824	4.8438793783004	6.48803520479076	6.73925172533332
